"0","library(rsq)"
"2","Warning:"
"2"," package ‘rsq’ was built under R version 4.1.3
"
"0","rsq.partial(model_some_controls)"
"2","Warning:"
"2"," In lm.fit(x, y, offset = offset, singular.ok = singular.ok, ...) :
 extra argument ‘family’ will be disregarded
"
"2","Warning:"
"2"," In lm.fit(x, y, offset = offset, singular.ok = singular.ok, ...) :
 extra argument ‘family’ will be disregarded
"
"2","Warning:"
"2"," In lm.fit(x, y, offset = offset, singular.ok = singular.ok, ...) :
 extra argument ‘family’ will be disregarded
"
"1","$adjustment
"
"1","[1]"
"1"," FALSE"
"1","
"
"1","
"
"1","$variable
"
"1","[1]"
"1"," ""net""   "
"1"," ""income"""
"1"," ""health"""
"1","
"
"1","
"
"1","$partial.rsq
"
"1","[1]"
"1"," 0.40175524"
"1"," 0.64316282"
"1"," 0.08093624"
"1","
"
"1","
"
